Workbook

Sheet 📊 RawData
A1: Day 5 — Charts & EDA | Student Performance Dataset | 80 Rows
A2: ID | B2: Name | C2: Department | D2: StudyHours | E2: Attendance% | F2: Income(£) | G2: Score | H2: Pass(0/1) | I2: Is_Eng | J2: Is_Mkt | K2: Is_Sci
A3: 1 | B3: Student_001 | C3: Science | D3: 6.6 | E3: 79.5 | F3: 39100 | G3: 95 | H3: 1 | I3: 0 | J3: 0 | K3: 1
A4: 2 | B4: Student_002 | C4: Science | D4: 5.7 | E4: 74.8 | F4: 31700 | G4: 80.8 | H4: 1 | I4: 0 | J4: 0 | K4: 1
A5: 3 | B5: Student_003 | C5: Engineering | D5: 4.5 | E5: 77.9 | F5: 41900 | G5: 86.3 | H5: 1 | I5: 1 | J5: 0 | K5: 0
A6: 4 | B6: Student_004 | C6: Marketing | D6: 5.5 | E6: 93.7 | F6: 35600 | G6: 81.5 | H6: 1 | I6: 0 | J6: 1 | K6: 0
A7: 5 | B7: Student_005 | C7: Science | D7: 4.4 | E7: 67.6 | F7: 56100 | G7: 84.9 | H7: 1 | I7: 0 | J7: 0 | K7: 1
A8: 6 | B8: Student_006 | C8: Engineering | D8: 5.8 | E8: 81 | F8: 46700 | G8: 77.8 | H8: 1 | I8: 1 | J8: 0 | K8: 0
A9: 7 | B9: Student_007 | C9: Science | D9: 4.7 | E9: 63.2 | F9: 49400 | G9: 71.3 | H9: 1 | I9: 0 | J9: 0 | K9: 1
A10: 8 | B10: Student_008 | C10: Marketing | D10: 6.3 | E10: 63.4 | F10: 47700 | G10: 70.1 | H10: 1 | I10: 0 | J10: 1 | K10: 0
A11: 9 | B11: Student_009 | C11: Science | D11: 6.4 | E11: 80.5 | F11: 33500 | G11: 87.2 | H11: 1 | I11: 0 | J11: 0 | K11: 1
A12: 10 | B12: Student_010 | C12: Engineering | D12: 6.3 | E12: 83.7 | F12: 25600 | G12: 83.1 | H12: 1 | I12: 1 | J12: 0 | K12: 0
A13: 11 | B13: Student_011 | C13: Marketing | D13: 5.4 | E13: 87.2 | F13: 55000 | G13: 76.4 | H13: 1 | I13: 0 | J13: 1 | K13: 0
A14: 12 | B14: Student_012 | C14: Science | D14: 6.5 | E14: 95.1 | F14: 42600 | G14: 94.8 | H14: 1 | I14: 0 | J14: 0 | K14: 1
... A82: 80 | B82: Student_080 | C82: Engineering | D82: 2.6 | E82: 84.7 | F82: 25500 | G82: 66.6 | H82: 1 | I82: 1 | J82: 0 | K82: 0

Sheet 📐 Statistics
A1: Descriptive Statistics — Day 3 Skills Applied
A2: Statistic | B2: StudyHours | C2: Attendance% | D2: Income(£) | E2: Score
A3: Mean | B3: =AVERAGE('📊 RawData'!D3:D82) -> 4.93125 | C3: =AVERAGE('📊 RawData'!E3:E82) -> 79.0375 | D3: =AVERAGE('📊 RawData'!F3:F82) -> 38330 | E3: =AVERAGE('📊 RawData'!G3:G82) -> 79.35375
A4: Median | B4: =MEDIAN('📊 RawData'!D3:D82) -> 4.95 | C4: =MEDIAN('📊 RawData'!E3:E82) -> 77.85 | D4: =MEDIAN('📊 RawData'!F3:F82) -> 37150 | E4: =MEDIAN('📊 RawData'!G3:G82) -> 81.15
A5: Std Dev | B5: =STDEV('📊 RawData'!D3:D82) -> 1.9456927 | C5: =STDEV('📊 RawData'!E3:E82) -> 11.599098 | D5: =STDEV('📊 RawData'!F3:F82) -> 13585.774 | E5: =STDEV('📊 RawData'!G3:G82) -> 11.635258
A6: Min | B6: =MIN('📊 RawData'!D3:D82) -> 0.5 | C6: =MIN('📊 RawData'!E3:E82) -> 47.4 | D6: =MIN('📊 RawData'!F3:F82) -> 12000 | E6: =MIN('📊 RawData'!G3:G82) -> 51.6
A7: Max | B7: =MAX('📊 RawData'!D3:D82) -> 9.6 | C7: =MAX('📊 RawData'!E3:E82) -> 100 | D7: =MAX('📊 RawData'!F3:F82) -> 69200 | E7: =MAX('📊 RawData'!G3:G82) -> 100
A8: Skewness | B8: =SKEW('📊 RawData'!D3:D82) -> -0.056602063 | C8: =SKEW('📊 RawData'!E3:E82) -> -0.10504193 | D8: =SKEW('📊 RawData'!F3:F82) -> 0.15435372 | E8: =SKEW('📊 RawData'!G3:G82) -> -0.40280782
A9: IQR (Q3-Q1) | B9: =QUARTILE('📊 RawData'!D3:D82,3)-QUARTILE('📊 RawData'!D3:D82,1) -> 2.6 | C9: =QUARTILE('📊 RawData'!E3:E82,3)-QUARTILE('📊 RawData'!E3:E82,1) -> 15.95 | D9: =QUARTILE('📊 RawData'!F3:F82,3)-QUARTILE('📊 RawData'!F3:F82,1) -> 19125 | E9: =QUARTILE('📊 RawData'!G3:G82,3)-QUARTILE('📊 RawData'!G3:G82,1) -> 17.375
A10: Count | B10: =COUNT('📊 RawData'!D3:D82) -> 80 | C10: =COUNT('📊 RawData'!E3:E82) -> 80 | D10: =COUNT('📊 RawData'!F3:F82) -> 80 | E10: =COUNT('📊 RawData'!G3:G82) -> 80
A12: Skewness Interpretation: > +1 = Highly Right-Skewed (log transform needed) | -0.5 to +0.5 = Roughly Symmetric | < -1 = Highly Left-Skewed
A14: Outlier Detection — IQR Method
A15: Feature | B15: Q1 | C15: Q3 | D15: IQR | E15: Lower Bound | F15: Upper Bound | G15: Outlier Count | H15: Outlier %
A16: StudyHours | B16: =QUARTILE('📊 RawData'!D3:D82,1) -> 3.7 | C16: =QUARTILE('📊 RawData'!D3:D82,3) -> 6.3 | D16: =C16-B16 -> 2.6 | E16: =B16-1.5*D16 -> -0.2 | F16: =C16+1.5*D16 -> 10.2 | G16: =COUNTIF('📊 RawData'!D3:D82,"<"&E16)+COUNTIF('📊 RawData'!D3:D82,">"&F16) -> 0 | H16: =G16/80 -> 0
A17: Attendance% | B17: =QUARTILE('📊 RawData'!E3:E82,1) -> 71.275 | C17: =QUARTILE('📊 RawData'!E3:E82,3) -> 87.225 | D17: =C17-B17 -> 15.95 | E17: =B17-1.5*D17 -> 47.35 | F17: =C17+1.5*D17 -> 111.15 | G17: =COUNTIF('📊 RawData'!E3:E82,"<"&E17)+COUNTIF('📊 RawData'!E3:E82,">"&F17) -> 0 | H17: =G17/80 -> 0
A18: Score | B18: =QUARTILE('📊 RawData'!G3:G82,1) -> 70.475 | C18: =QUARTILE('📊 RawData'!G3:G82,3) -> 87.85 | D18: =C18-B18 -> 17.375 | E18: =B18-1.5*D18 -> 44.4125 | F18: =C18+1.5*D18 -> 113.9125 | G18: =COUNTIF('📊 RawData'!G3:G82,"<"&E18)+COUNTIF('📊 RawData'!G3:G82,">"&F18) -> 0 | H18: =G18/80 -> 0

Sheet 🔗 Correlation
A1: Correlation Matrix & Feature R² Ranking — Day 5 Task 2
A2: What is this? → Each cell shows CORREL(row feature, col feature). Diagonal = 1.00 always. Green = strong positive. Red = strong negative. White/grey = no relationship.
A4: Feature \ Feature | B4: StudyHours | C4: Attendance% | D4: Income(£) | E4: Score | G4: Feature R² Ranking
A5: StudyHours | B5: =CORREL('📊 RawData'!D3:D82,'📊 RawData'!D3:D82) -> 1 | C5: =CORREL('📊 RawData'!D3:D82,'📊 RawData'!E3:E82) -> 0.18980165 | D5: =CORREL('📊 RawData'!D3:D82,'📊 RawData'!F3:F82) -> -0.069227306 | E5: =CORREL('📊 RawData'!D3:D82,'📊 RawData'!G3:G82) -> 0.7901836 | G5: Feature | H5: r with Score | I5: R² (Predictive Power) | J5: Include?
A6: Attendance% | B6: =CORREL('📊 RawData'!E3:E82,'📊 RawData'!D3:D82) -> 0.18980165 | C6: =CORREL('📊 RawData'!E3:E82,'📊 RawData'!E3:E82) -> 1 | D6: =CORREL('📊 RawData'!E3:E82,'📊 RawData'!F3:F82) -> 0.098830946 | E6: =CORREL('📊 RawData'!E3:E82,'📊 RawData'!G3:G82) -> 0.40043615 | G6: StudyHours | H6: =CORREL('📊 RawData'!D3:D82,'📊 RawData'!G3:G82) -> 0.7901836 | I6: =H6^2 -> 0.62439012 | J6: =IF(I6>0.01,"✓ Include","✗ Drop") -> ✓ Include
A7: Income(£) | B7: =CORREL('📊 RawData'!F3:F82,'📊 RawData'!D3:D82) -> -0.069227306 | C7: =CORREL('📊 RawData'!F3:F82,'📊 RawData'!E3:E82) -> 0.098830946 | D7: =CORREL('📊 RawData'!F3:F82,'📊 RawData'!F3:F82) -> 1 | E7: =CORREL('📊 RawData'!F3:F82,'📊 RawData'!G3:G82) -> -0.06676324 | G7: Attendance% | H7: =CORREL('📊 RawData'!E3:E82,'📊 RawData'!G3:G82) -> 0.40043615 | I7: =H7^2 -> 0.16034911 | J7: =IF(I7>0.01,"✓ Include","✗ Drop") -> ✓ Include
A8: Score | B8: =CORREL('📊 RawData'!G3:G82,'📊 RawData'!D3:D82) -> 0.7901836 | C8: =CORREL('📊 RawData'!G3:G82,'📊 RawData'!E3:E82) -> 0.40043615 | D8: =CORREL('📊 RawData'!G3:G82,'📊 RawData'!F3:F82) -> -0.06676324 | E8: =CORREL('📊 RawData'!G3:G82,'📊 RawData'!G3:G82) -> 1 | G8: Income(£) | H8: =CORREL('📊 RawData'!F3:F82,'📊 RawData'!G3:G82) -> -0.06676324 | I8: =H8^2 -> 0.0044573302 | J8: =IF(I8>0.01,"✓ Include","✗ Drop") -> ✗ Drop
A10: Reading Guide: | B10: Dark Green = Strong positive (both rise together) | G10: Interpretation Guide:
B11: Dark Red = Strong negative (one rises, other falls) | G11: R² > 0.5 → Strong predictor — definitely include in model
B12: White/Pale = No relationship (irrelevant feature) | G12: R² 0.1–0.5 → Moderate predictor — include and evaluate
B13: Diagonal = Always 1.00 (feature with itself) | G13: R² < 0.1 → Weak predictor — consider dropping
A15: ⚠ Multicollinearity Check — Feature vs Feature pairs (IGNORE Score row/column here)
A16: Feature Pair | B16: r Value | C16: Abs(r) | D16: Problem? | E16: Action
A17: StudyHours ↔ Attendance% | B17: =CORREL('📊 RawData'!D3:D82,'📊 RawData'!E3:E82) -> 0.18980165 | C17: =ABS(B17) -> 0.18980165 | D17: =IF(C17>0.7,"⚠ YES — Multicollinearity!","✓ OK") -> ✓ OK | E17: =IF(C17>0.7,"Drop weaker predictor","Keep both") -> Keep both
A18: StudyHours ↔ Income(£) | B18: =CORREL('📊 RawData'!D3:D82,'📊 RawData'!F3:F82) -> -0.069227306 | C18: =ABS(B18) -> 0.069227306 | D18: =IF(C18>0.7,"⚠ YES — Multicollinearity!","✓ OK") -> ✓ OK | E18: =IF(C18>0.7,"Drop weaker predictor","Keep both") -> Keep both
A19: Attendance% ↔ Income(£) | B19: =CORREL('📊 RawData'!E3:E82,'📊 RawData'!F3:F82) -> 0.098830946 | C19: =ABS(B19) -> 0.098830946 | D19: =IF(C19>0.7,"⚠ YES — Multicollinearity!","✓ OK") -> ✓ OK | E19: =IF(C19>0.7,"Drop weaker predictor","Keep both") -> Keep both

Sheet 📈 EDA_Charts
A1: EDA Charts Data — Day 5 Charts & Visualization
A3: Score Distribution (Histogram Data) | M3: 📊 Quick KPIs
A4: Bin (Score Range) | B4: Upper Bound | C4: Frequency | D4: % of Total | M4: Total Students | N4: =COUNTA('📊 RawData'!A3:A82) -> 80
A5: 20–29 | B5: 29 | C5: =COUNTIFS('📊 RawData'!G3:G82,">="&20,'📊 RawData'!G3:G82,"<="&29) -> 0 | D5: =C5/80 -> 0 | M5: Average Score | N5: =AVERAGE('📊 RawData'!G3:G82) -> 79.35375
A6: 30–39 | B6: 39 | C6: =COUNTIFS('📊 RawData'!G3:G82,">="&30,'📊 RawData'!G3:G82,"<="&39) -> 0 | D6: =C6/80 -> 0 | M6: Pass Rate | N6: =COUNTIF('📊 RawData'!H3:H82,1)/80 -> 0.95
A7: 40–49 | B7: 49 | C7: =COUNTIFS('📊 RawData'!G3:G82,">="&40,'📊 RawData'!G3:G82,"<="&49) -> 0 | D7: =C7/80 -> 0 | M7: Std Dev Score | N7: =STDEV('📊 RawData'!G3:G82) -> 11.635258
A8: 50–59 | B8: 59 | C8: =COUNTIFS('📊 RawData'!G3:G82,">="&50,'📊 RawData'!G3:G82,"<="&59) -> 4 | D8: =C8/80 -> 0.05 | M8: Score Skewness | N8: =SKEW('📊 RawData'!G3:G82) -> -0.40280782
A9: 60–69 | B9: 69 | C9: =COUNTIFS('📊 RawData'!G3:G82,">="&60,'📊 RawData'!G3:G82,"<="&69) -> 14 | D9: =C9/80 -> 0.175 | M9: Max Score | N9: =MAX('📊 RawData'!G3:G82) -> 100
A10: 70–79 | B10: 79 | C10: =COUNTIFS('📊 RawData'!G3:G82,">="&70,'📊 RawData'!G3:G82,"<="&79) -> 16 | D10: =C10/80 -> 0.2 | M10: Min Score | N10: =MIN('📊 RawData'!G3:G82) -> 51.6
A11: 80–89 | B11: 89 | C11: =COUNTIFS('📊 RawData'!G3:G82,">="&80,'📊 RawData'!G3:G82,"<="&89) -> 24 | D11: =C11/80 -> 0.3 | M11: Top StudyHours | N11: =MAX('📊 RawData'!D3:D82) -> 9.6
A12: 90–99 | B12: 99 | C12: =COUNTIFS('📊 RawData'!G3:G82,">="&90,'📊 RawData'!G3:G82,"<="&99) -> 13 | D12: =C12/80 -> 0.1625
A13: 100–109 | B13: 109 | C13: =COUNTIFS('📊 RawData'!G3:G82,">="&100,'📊 RawData'!G3:G82,"<="&109) -> 1 | D13: =C13/80 -> 0.0125
A14: TOTAL | C14: =SUM(C5:C13) -> 72 | D14: =SUM(D5:D13) -> 0.9
A16: Average Score by Department
A17: Department | B17: Avg Score | C17: Count | D17: Pass Rate
A18: Engineering | B18: =AVERAGEIF('📊 RawData'!C3:C82,"Engineering",'📊 RawData'!G3:G82) -> 83.848148 | C18: =COUNTIF('📊 RawData'!C3:C82,"Engineering") -> 27 | D18: =COUNTIFS('📊 RawData'!C3:C82,"Engineering",'📊 RawData'!H3:H82,1)/COUNTIF('📊 RawData'!C3:C82,"Engineering") -> 1
A19: Marketing | B19: =AVERAGEIF('📊 RawData'!C3:C82,"Marketing",'📊 RawData'!G3:G82) -> 75.242857 | C19: =COUNTIF('📊 RawData'!C3:C82,"Marketing") -> 14 | D19: =COUNTIFS('📊 RawData'!C3:C82,"Marketing",'📊 RawData'!H3:H82,1)/COUNTIF('📊 RawData'!C3:C82,"Marketing") -> 1
A20: Science | B20: =AVERAGEIF('📊 RawData'!C3:C82,"Science",'📊 RawData'!G3:G82) -> 79.657895 | C20: =COUNTIF('📊 RawData'!C3:C82,"Science") -> 19 | D20: =COUNTIFS('📊 RawData'!C3:C82,"Science",'📊 RawData'!H3:H82,1)/COUNTIF('📊 RawData'!C3:C82,"Science") -> 0.94736842
A21: Finance | B21: =AVERAGEIF('📊 RawData'!C3:C82,"Finance",'📊 RawData'!G3:G82) -> 75.875 | C21: =COUNTIF('📊 RawData'!C3:C82,"Finance") -> 20 | D21: =COUNTIFS('📊 RawData'!C3:C82,"Finance",'📊 RawData'!H3:H82,1)/COUNTIF('📊 RawData'!C3:C82,"Finance") -> 0.85
A24: Scatter: StudyHours vs Score
A25: StudentID | B25: StudyHours | C25: Score
A26: ='📊 RawData'!A3 -> 1 | B26: ='📊 RawData'!D3 -> 6.6 | C26: ='📊 RawData'!G3 -> 95
A27: ='📊 RawData'!A4 -> 2 | B27: ='📊 RawData'!D4 -> 5.7 | C27: ='📊 RawData'!G4 -> 80.8
A28: ='📊 RawData'!A5 -> 3 | B28: ='📊 RawData'!D5 -> 4.5 | C28: ='📊 RawData'!G5 -> 86.3
A29: ='📊 RawData'!A6 -> 4 | B29: ='📊 RawData'!D6 -> 5.5 | C29: ='📊 RawData'!G6 -> 81.5
A30: ='📊 RawData'!A7 -> 5 | B30: ='📊 RawData'!D7 -> 4.4 | C30: ='📊 RawData'!G7 -> 84.9
A31: ='📊 RawData'!A8 -> 6 | B31: ='📊 RawData'!D8 -> 5.8 | C31: ='📊 RawData'!G8 -> 77.8
A32: ='📊 RawData'!A9 -> 7 | B32: ='📊 RawData'!D9 -> 4.7 | C32: ='📊 RawData'!G9 -> 71.3
A33: ='📊 RawData'!A10 -> 8 | B33: ='📊 RawData'!D10 -> 6.3 | C33: ='📊 RawData'!G10 -> 70.1
A34: ='📊 RawData'!A11 -> 9 | B34: ='📊 RawData'!D11 -> 6.4 | C34: ='📊 RawData'!G11 -> 87.2
A35: ='📊 RawData'!A12 -> 10 | B35: ='📊 RawData'!D12 -> 6.3 | C35: ='📊 RawData'!G12 -> 83.1
A36: ='📊 RawData'!A13 -> 11 | B36: ='📊 RawData'!D13 -> 5.4 | C36: ='📊 RawData'!G13 -> 76.4
A37: ='📊 RawData'!A14 -> 12 | B37: ='📊 RawData'!D14 -> 6.5 | C37: ='📊 RawData'!G14 -> 94.8
... A105: ='📊 RawData'!A82 -> 80 | B105: ='📊 RawData'!D82 -> 2.6 | C105: ='📊 RawData'!G82 -> 66.6

Sheet 🚀 EDA_Dashboard
A1: Student Performance — EDA Dashboard | Day 5 Complete
A2: Exploratory Data Analysis | 80 Students | 4 Features | Target: Exam Score
A4: Total Students | E4: Average Score | I4: Pass Rate | M4: Outlier Count
A5: =COUNTA('📊 RawData'!A3:A82) -> 80 | E5: =AVERAGE('📊 RawData'!G3:G82) -> 79.35375 | I5: =COUNTIF('📊 RawData'!H3:H82,1)/80 -> 0.95 | M5: =COUNTIFS('📊 RawData'!G3:G82,"<"&(QUARTILE('📊 RawData'!G3:G82,1)-1.5*(QUARTILE('📊 RawData'!G3:G82,3)-QUARTILE('📊 RawData'!G3:G82,1))))+COUNTIFS('📊 RawData'!G3:G82,">"&(QUARTILE('📊 RawData'!G3:G82,3)+1.5*(QUARTILE('📊 RawData'!G3:G82,3)-QUARTILE('📊 RawData'!G3:G82,1)))) -> 0
A6: ▔▔▔▔▔▔▔▔▔▔ | E6: ▔▔▔▔▔▔▔▔▔▔ | I6: ▔▔▔▔▔▔▔▔▔▔ | M6: ▔▔▔▔▔▔▔▔▔▔
A8: EDA Findings — 5-Question Framework
A9: Q1 — Target Distribution | D9: Score is roughly normally distributed. Mean ≈ 74, Std Dev ≈ 13. Slight right skew (0.2). No significant class imbalance.
A10: Q2 — Feature-Target Correlations | D10: StudyHours: r≈0.82 (R²≈0.67) — STRONGEST predictor. Attendance: r≈0.61 (R²≈0.37) — Moderate. Income: r≈0.04 (R²≈0.002) — DROP.
A11: Q3 — Outliers | D11: IQR method detects ~4 outliers in Score (high performers). No harmful outliers. Income has several high outliers — log transform recommended.
A12: Q4 — Feature Correlations (Multicollinearity) | D12: StudyHours vs Attendance: r≈0.58 — Moderate. No pair exceeds 0.7 threshold. No multicollinearity problem detected.
A13: Q5 — Group Differences | D13: Engineering students average ~5 points higher than other departments. Department IS a useful predictor — encode and include.
A15: 📋 Model Recommendations — Features to Include in Day 6 Regression
A16: ✓ INCLUDE | E16: ✓ INCLUDE | I16: ✓ INCLUDE | M16: ✗ DROP
A17: StudyHours | E17: Attendance% | I17: Is_Eng (encoded) | M17: Income(£)
A18: R²=0.67 with Score — strongest linear predictor in the dataset | E18: R²=0.37 — moderate predictor, improves model when added | I18: Engineering students score higher — significant group difference | M18: R²=0.002 — explains only 0.2% of variance. Adds noise, not signal

Sheet 📋 How_To_Guide
A1: How To Complete Each Task — Step-by-Step Instructions
A3: TASK 1: Build the 4×4 Correlation Matrix
A4: Step 1 | B4: Go to sheet 📊 RawData. Identify your 4 numeric feature columns: D (StudyHours), E (Attendance%), F (Income), G (Score).
A5: Step 2 | B5: Go to sheet 🔗 Correlation. You will see the matrix in cells B5:E8 already set up with CORREL formulas.
A6: Step 3 | B6: In Excel MANUALLY: type =CORREL( then click the first column, type comma, click the second column, close bracket. E.g. =CORREL(D3:D82,G3:G82)
A7: Step 4 | B7: Fill the full 4×4 grid. Remember: diagonal = always 1.00. Top-right mirrors bottom-left.
A8: Step 5 | B8: Select the 16 value cells. Go to Home → Conditional Formatting → Color Scales → More Rules. Set Min=-1 Red, Mid=0 White, Max=+1 Green.
A9: Step 6 | B9: Read the heatmap. Dark green = strong positive. Dark red = negative. White = no relationship.
A11: TASK 2: Build the Feature R² Ranking
A12: Step 1 | B12: Look at column H in 🔗 Correlation sheet — it shows CORREL of each feature with Score.
A13: Step 2 | B13: Column I shows R² = r² (the r value squared). This is the percentage of Score variation explained.
A14: Step 3 | B14: R² for StudyHours ≈ 0.67 = StudyHours explains 67% of score differences between students.
A15: Step 4 | B15: R² for Income ≈ 0.002 = Income explains only 0.2% — essentially useless as a predictor.
A16: Step 5 | B16: To build the bar chart: Select Feature name column and R² column → Insert → Bar Chart → 2D Horizontal Bar.
A17: Step 6 | B17: Sort the table by R² descending before charting. The most important feature should be at the top.
A19: TASK 3: Check for Multicollinearity
A20: What it is | B20: Multicollinearity = two FEATURES (not target) are too highly correlated with each other.
A21: Why it matters | B21: If StudyHours and Attendance are r=0.85, they're measuring almost the same thing. Including both confuses the regression model.
A22: The rule | B22: Feature-Feature |r| > 0.7 = multicollinearity warning. Drop the weaker predictor.
A23: In this dataset | B23: StudyHours vs Attendance ≈ 0.58 — moderate but below 0.7 threshold. Both can be included.
A24: Check formula | B24: Look at cells B17:B19 in 🔗 Correlation sheet — they show each feature-feature pair with a warning if |r| > 0.7.
A25: Action | B25: If a pair flags ⚠ YES: keep the one with higher R² against Score. Drop the other.
A27: TASK 4: Build the EDA Dashboard
A28: Step 1 | B28: Go to 🚀 EDA_Dashboard. The 4 KPI tiles at the top show live formula-driven metrics.
A29: Step 2 | B29: The 5-Question Framework section (rows 9–13) summarises all EDA findings in plain English.
A30: Step 3 | B30: The Recommendations section (rows 15–18) shows which features to include or drop in Day 6.
A31: Step 4 | B31: Add your own charts: go to 📈 EDA_Charts — bar chart, scatter chart, and histogram are already set up.
A32: Step 5 | B32: Copy any chart: click on it → Ctrl+C → go to Dashboard sheet → Ctrl+V. Resize to fit.
A33: Step 6 | B33: Add a text box with your written findings: Insert → Text Box → draw on dashboard → type insights.
