Workbook

Sheet 📊 RawData
A1: Day 6 — Regression | Student Performance Dataset | 80 Rows
A2: ID | B2: Name | C2: Department | D2: StudyHours | E2: Attendance% | F2: Is_Eng | G2: Is_Mkt | H2: Income(£) | I2: Score | J2: Pass(0/1) | K2: Is_Sci | L2: Predicted_Score | M2: Residual
A3: 1 | B3: Student_001 | C3: Science | D3: 6.6 | E3: 79.5 | F3: 0 | G3: 0 | H3: 39100 | I3: 95 | J3: 1 | K3: 1 | L3: =SimpleReg!$I$3 + SimpleReg!$I$2 * RegData[[#This Row],[StudyHours]] -> 87.239102 | M3: =RegData[[#This Row],[Score]]-RegData[[#This Row],[Predicted_Score]] -> 7.7608984
A4: 2 | B4: Student_002 | C4: Science | D4: 5.7 | E4: 74.8 | F4: 0 | G4: 0 | H4: 31700 | I4: 80.8 | J4: 1 | K4: 1 | L4: =SimpleReg!$I$3 + SimpleReg!$I$2 * RegData[[#This Row],[StudyHours]] -> 82.986328 | M4: =RegData[[#This Row],[Score]]-RegData[[#This Row],[Predicted_Score]] -> -2.1863277
A5: 3 | B5: Student_003 | C5: Engineering | D5: 4.5 | E5: 77.9 | F5: 1 | G5: 0 | H5: 41900 | I5: 86.3 | J5: 1 | K5: 0 | L5: =SimpleReg!$I$3 + SimpleReg!$I$2 * RegData[[#This Row],[StudyHours]] -> 77.315963 | M5: =RegData[[#This Row],[Score]]-RegData[[#This Row],[Predicted_Score]] -> 8.9840375
A6: 4 | B6: Student_004 | C6: Marketing | D6: 5.5 | E6: 93.7 | F6: 0 | G6: 1 | H6: 35600 | I6: 81.5 | J6: 1 | K6: 0 | L6: =SimpleReg!$I$3 + SimpleReg!$I$2 * RegData[[#This Row],[StudyHours]] -> 82.041267 | M6: =RegData[[#This Row],[Score]]-RegData[[#This Row],[Predicted_Score]] -> -0.54126684
A7: 5 | B7: Student_005 | C7: Science | D7: 4.4 | E7: 67.6 | F7: 0 | G7: 0 | H7: 56100 | I7: 84.9 | J7: 1 | K7: 1 | L7: =SimpleReg!$I$3 + SimpleReg!$I$2 * RegData[[#This Row],[StudyHours]] -> 76.843432 | M7: =RegData[[#This Row],[Score]]-RegData[[#This Row],[Predicted_Score]] -> 8.0565679
A8: 6 | B8: Student_006 | C8: Engineering | D8: 5.8 | E8: 81 | F8: 1 | G8: 0 | H8: 46700 | I8: 77.8 | J8: 1 | K8: 0 | L8: =SimpleReg!$I$3 + SimpleReg!$I$2 * RegData[[#This Row],[StudyHours]] -> 83.458858 | M8: =RegData[[#This Row],[Score]]-RegData[[#This Row],[Predicted_Score]] -> -5.6588581
A9: 7 | B9: Student_007 | C9: Science | D9: 4.7 | E9: 63.2 | F9: 0 | G9: 0 | H9: 49400 | I9: 71.3 | J9: 1 | K9: 1 | L9: =SimpleReg!$I$3 + SimpleReg!$I$2 * RegData[[#This Row],[StudyHours]] -> 78.261023 | M9: =RegData[[#This Row],[Score]]-RegData[[#This Row],[Predicted_Score]] -> -6.9610234
A10: 8 | B10: Student_008 | C10: Marketing | D10: 6.3 | E10: 63.4 | F10: 0 | G10: 1 | H10: 47700 | I10: 70.1 | J10: 1 | K10: 0 | L10: =SimpleReg!$I$3 + SimpleReg!$I$2 * RegData[[#This Row],[StudyHours]] -> 85.82151 | M10: =RegData[[#This Row],[Score]]-RegData[[#This Row],[Predicted_Score]] -> -15.72151
A11: 9 | B11: Student_009 | C11: Science | D11: 6.4 | E11: 80.5 | F11: 0 | G11: 0 | H11: 33500 | I11: 87.2 | J11: 1 | K11: 1 | L11: =SimpleReg!$I$3 + SimpleReg!$I$2 * RegData[[#This Row],[StudyHours]] -> 86.294041 | M11: =RegData[[#This Row],[Score]]-RegData[[#This Row],[Predicted_Score]] -> 0.90595927
A12: 10 | B12: Student_010 | C12: Engineering | D12: 6.3 | E12: 83.7 | F12: 1 | G12: 0 | H12: 25600 | I12: 83.1 | J12: 1 | K12: 0 | L12: =SimpleReg!$I$3 + SimpleReg!$I$2 * RegData[[#This Row],[StudyHours]] -> 85.82151 | M12: =RegData[[#This Row],[Score]]-RegData[[#This Row],[Predicted_Score]] -> -2.7215103
A13: 11 | B13: Student_011 | C13: Marketing | D13: 5.4 | E13: 87.2 | F13: 0 | G13: 1 | H13: 55000 | I13: 76.4 | J13: 1 | K13: 0 | L13: =SimpleReg!$I$3 + SimpleReg!$I$2 * RegData[[#This Row],[StudyHours]] -> 81.568736 | M13: =RegData[[#This Row],[Score]]-RegData[[#This Row],[Predicted_Score]] -> -5.1687364
A14: 12 | B14: Student_012 | C14: Science | D14: 6.5 | E14: 95.1 | F14: 0 | G14: 0 | H14: 42600 | I14: 94.8 | J14: 1 | K14: 1 | L14: =SimpleReg!$I$3 + SimpleReg!$I$2 * RegData[[#This Row],[StudyHours]] -> 86.766571 | M14: =RegData[[#This Row],[Score]]-RegData[[#This Row],[Predicted_Score]] -> 8.0334288
... A82: 80 | B82: Student_080 | C82: Engineering | D82: 2.6 | E82: 84.7 | F82: 1 | G82: 0 | H82: 25500 | I82: 66.6 | J82: 1 | K82: 0 | L82: =SimpleReg!$I$3 + SimpleReg!$I$2 * RegData[[#This Row],[StudyHours]] -> 68.337884 | M82: =RegData[[#This Row],[Score]]-RegData[[#This Row],[Predicted_Score]] -> -1.7378843

Sheet SimpleReg
H1: Regression parameter panel
H2: Slope (β₁) | I2: =SLOPE(RegData[Score],RegData[StudyHours]) -> 4.7253043 | M2: FORECAST
H3: Intercept (β₀) | I3: =INTERCEPT(RegData[Score],RegData[StudyHours]) -> 56.052093 | M3: Forecast | N3: Manual
H4: R² | I4: =RSQ(RegData[Score],RegData[StudyHours]) -> 0.62439012 | M4: =_xlfn.FORECAST.LINEAR(E2, RegData[Score], RegData[StudyHours]) -> 56.052093 | N4: =I$3 + I$2 * E2 -> 56.052093
H5: Correlation r | I5: =CORREL(RegData[Score],RegData[StudyHours]) -> 0.7901836

Sheet ToolPakReg
A1: SUMMARY OUTPUT
A3: Regression Statistics
A4: Multiple R | B4: 0.7901836
A5: R Square | B5: 0.62439012
A6: Adjusted R Square | B6: 0.61957461
A7: Standard Error | B7: 7.1764682
A8: Observations | B8: 80
A10: ANOVA
B11: df | C11: SS | D11: MS | E11: F | F11: Significance F
A12: Regression | B12: 1 | C12: 6677.8267 | D12: 6677.8267 | E12: 129.66227 | F12: 2.9397339e-18
A13: Residual | B13: 78 | C13: 4017.1322 | D13: 51.501695
A14: Total | B14: 79 | C14: 10694.959
B16: Coefficients | C16: Standard Error | D16: t Stat | E16: P-value | F16: Lower 95% | G16: Upper 95% | H16: Lower 95.0% | I16: Upper 95.0%
A17: Intercept | B17: 56.052093 | C17: 2.1980266 | D17: 25.501098 | E17: 1.3800591e-39 | F17: 51.676158 | G17: 60.428028 | H17: 51.676158 | I17: 60.428028
A18: StudyHours | B18: 4.7253043 | C18: 0.414976 | D18: 11.386934 | E18: 2.9397339e-18 | F18: 3.8991506 | G18: 5.5514581 | H18: 3.8991506 | I18: 5.5514581
A22: RESIDUAL OUTPUT
A24: Observation | B24: Predicted Score | C24: Residuals
A25: 1 | B25: 87.239102 | C25: 7.7608984
A26: 2 | B26: 82.986328 | C26: -2.1863277
A27: 3 | B27: 77.315963 | C27: 8.9840375
A28: 4 | B28: 82.041267 | C28: -0.54126684
A29: 5 | B29: 76.843432 | C29: 8.0565679
A30: 6 | B30: 83.458858 | C30: -5.6588581
A31: 7 | B31: 78.261023 | C31: -6.9610234
A32: 8 | B32: 85.82151 | C32: -15.72151
A33: 9 | B33: 86.294041 | C33: 0.90595927
A34: 10 | B34: 85.82151 | C34: -2.7215103
A35: 11 | B35: 81.568736 | C35: -5.1687364
A36: 12 | B36: 86.766571 | C36: 8.0334288
... A104: 80 | B104: 68.337884 | C104: -1.7378843

Sheet MultiReg
A1: SUMMARY OUTPUT
A3: Regression Statistics
A4: Multiple R | B4: 0.85586268
A5: R Square | B5: 0.73250093 | AA5: Summary Table
A6: Adjusted R Square | B6: 0.71823432 | AA6: Feature | AB6: Coefficient | AC6: p-Value | AD6: Significant | AE6: Keep/Drop
A7: Standard Error | B7: 6.1761817 | AA7: Intercept | AB7: 36.659292 | AC7: 1.1493054e-10 | AE7: =IF(AC7="","", IF(AC7>=0.05,"Drop","Keep")) -> Keep
A8: Observations | B8: 80 | AA8: StudyHours | AB8: 4.3443579 | AC8: 2.142116e-18 | AE8: =IF(AC8="","", IF(AC8>=0.05,"Drop","Keep")) -> Keep
AA9: Attendance% | AB9: 0.27177244 | AC9: 3.0417719e-05 | AE9: =IF(AC9="","", IF(AC9>=0.05,"Drop","Keep")) -> Keep
A10: ANOVA | AA10: Is_Eng | AB10: 2.0040041 | AC10: 0.21225018 | AE10: =IF(AC10="","", IF(AC10>=0.05,"Drop","Keep")) -> Drop
B11: df | C11: SS | D11: MS | E11: F | F11: Significance F | AA11: Is_Mkt | AB11: -5.0584125 | AC11: 0.010797827 | AE11: =IF(AC11="","", IF(AC11>=0.05,"Drop","Keep")) -> Keep
A12: Regression | B12: 4 | C12: 7834.0673 | D12: 1958.5168 | E12: 51.343702 | F12: 9.5269557e-21
A13: Residual | B13: 75 | C13: 2860.8915 | D13: 38.14522
A14: Total | B14: 79 | C14: 10694.959
B16: Coefficients | C16: Standard Error | D16: t Stat | E16: P-value | F16: Lower 95% | G16: Upper 95% | H16: Lower 95.0% | I16: Upper 95.0%
A17: Intercept | B17: 36.659292 | C17: 4.8998653 | D17: 7.4816939 | E17: 1.1493054e-10 | F17: 26.89826 | G17: 46.420324 | H17: 26.89826 | I17: 46.420324
A18: StudyHours | B18: 4.3443579 | C18: 0.37467445 | D18: 11.595021 | E18: 2.142116e-18 | F18: 3.5979682 | G18: 5.0907477 | H18: 3.5979682 | I18: 5.0907477
A19: Attendance% | B19: 0.27177244 | C19: 0.061204381 | D19: 4.4404082 | E19: 3.0417719e-05 | F19: 0.14984706 | G19: 0.39369782 | H19: 0.14984706 | I19: 0.39369782
A20: Is_Eng | B20: 2.0040041 | C20: 1.5928526 | D20: 1.2581227 | E20: 0.21225018 | F20: -1.1691211 | G20: 5.1771293 | H20: -1.1691211 | I20: 5.1771293
A21: Is_Mkt | B21: -5.0584125 | C21: 1.9348137 | D21: -2.6144184 | E21: 0.010797827 | F21: -8.912759 | G21: -1.204066 | H21: -8.912759 | I21: -1.204066
A25: RESIDUAL OUTPUT
A27: Observation | B27: Predicted Score | C27: Residuals
A28: 1 | B28: 86.937963 | C28: 8.0620371
A29: 2 | B29: 81.75071 | C29: -0.95071029
A30: 3 | B30: 79.383979 | C30: 6.9160206
A31: 4 | B31: 80.959925 | C31: 0.54007478
A32: 5 | B32: 74.146283 | C32: 10.753717
A33: 6 | B33: 85.874139 | C33: -8.0741393
A34: 7 | B34: 74.253792 | C34: -2.9537921
A35: 8 | B35: 76.200707 | C35: -6.1007068
A36: 9 | B36: 86.340864 | C36: 0.85913627
A37: 10 | B37: 88.780104 | C37: -5.6801038
A38: 11 | B38: 78.758969 | C38: -2.3589686
A39: 12 | B39: 90.743177 | C39: 4.0568229
... A107: 80 | B107: 72.977752 | C107: -6.3777518
