Workbook

Sheet Applicant Data
A1: ID | B1: NAME | C1: AGE | D1: INCOME | E1: CREDIT | F1: LOANS | G1: EMPLOYMENT | H1: LOAN AMT | I1: PURPOSE
A2: A001 | B2: Ramesh Kumar | C2: 35 | D2: 55000 | E2: 750 | F2: 1 | G2: Salaried | H2: 300000 | I2: Home
A3: A002 | B3: Priya Sharma | C3: 28 | D3: 32000 | E3: 680 | F3: 0 | G3: Government | H3: 150000 | I3: Education
A4: A003 | B4: Suresh Patel | C4: 52 | D4: 18000 | E4: 590 | F4: 3 | G4: Self-Employed | H4: 500000 | I4: Business
A5: A004 | B5: Anita Singh | C5: 23 | D5: 12000 | E5: 450 | F5: 2 | G5: Unemployed | H5: 200000 | I5: Personal
A6: A005 | B6: Vikram Rao | C6: 41 | D6: 85000 | E6: 800 | F6: 0 | G6: Salaried | H6: 800000 | I6: Home
A7: A006 | B7: Meena Joshi | C7: 30 | D7: 40000 | E7: 710 | F7: 1 | G7: Government | H7: 250000 | I7: Car
A8: A007 | B8: Rajesh Nair | C8: 47 | D8: 25000 | E8: 620 | F8: 4 | G8: Self-Employed | H8: 400000 | I8: Business
A9: A008 | B9: Sunita Verma | C9: 33 | D9: 60000 | E9: 780 | F9: 0 | G9: Salaried | H9: 350000 | I9: Home
A10: A009 | B10: Arun Gupta | C10: 19 | D10: 8000 | E10: 300 | F10: 0 | G10: Unemployed | H10: 100000 | I10: Personal
A11: A010 | B11: Kavya Reddy | C11: 38 | D11: 120000 | E11: 820 | F11: 2 | G11: Salaried | H11: 1500000 | I11: Home

Sheet Scoring Engine
A1: Applicant ID | B1: Full Name | C1: Age Score | D1: Income Score | E1: Credit Score | F1: Loans Score | G1: Employment Score | H1: Loan Ratio Score | I1: FINAL WEIGHTED SCORE | J1: DECISION | K1: RISK LEVEL
A2: =AppData[[#This Row],[ID]] -> A001 | B2: =AppData[[#This Row],[NAME]] -> Ramesh Kumar | C2: {=_xlfn.IFS(AppData[[#This Row],[AGE]]<18,0,AppData[[#This Row],[AGE]]<=25,60,AppData[[#This Row],[AGE]]<=35,100,AppData[[#This Row],[AGE]]<=45,90,AppData[[#This Row],[AGE]]<=55,75,AppData[[#This Row],[AGE]]<=60,50,AppData[[#This Row],[AGE]]>60,20)} -> 100 | D2: =IF('Applicant Data'!D2<10000,10,IF('Applicant Data'!D2<20000,30,IF('Applicant Data'!D2<35000,55, IF('Applicant Data'!D2<50000,75,IF('Applicant Data'!D2<75000,88,IF('Applicant Data'!D2<=100000,95,100)))))) -> 88 | E2: =IF('Applicant Data'!E2<300,0,IF('Applicant Data'!E2<500,15,IF('Applicant Data'!E2<600,35, IF('Applicant Data'!E2<700,60,IF('Applicant Data'!E2<750,80,IF('Applicant Data'!E2<800,92,100)))))) -> 92 | F2: =IF('Applicant Data'!F2=0,100,IF('Applicant Data'!F2=1,80,IF('Applicant Data'!F2=2,55, IF('Applicant Data'!F2=3,30,IF('Applicant Data'!F2=4,15,0))))) -> 80 | G2: =IF('Applicant Data'!G2="Government",100,IF('Applicant Data'!G2="Salaried",85, IF('Applicant Data'!G2="Self-Employed",65,IF('Applicant Data'!G2="Unemployed",10,50)))) -> 85 | H2: =IF('Applicant Data'!H2/('Applicant Data'!D2*12)<=2,100, IF('Applicant Data'!H2/('Applicant Data'!D2*12)<=4,80, IF('Applicant Data'!H2/('Applicant Data'!D2*12)<=6,60, IF('Applicant Data'!H2/('Applicant Data'!D2*12)<=8,35,10)))) -> 100 | I2: =(C2*0.15) + (D2*0.25) + (E2*0.3) + (F2*0.15) + (G2*0.1) + (H2*0.05) -> 90.1 | J2: =IF(I2>=71,"APPROVED",IF(I2>=56,"CONDITIONAL","REJECTED")) -> APPROVED | K2: =IF(I2>=86,"Very Low Risk",IF(I2>=71,"Low Risk",IF(I2>=56,"Medium Risk", IF(I2>=41,"High Risk","Very High Risk")))) -> Very Low Risk
A3: =AppData[[#This Row],[ID]] -> A002 | B3: =AppData[[#This Row],[NAME]] -> Priya Sharma | C3: {=_xlfn.IFS(AppData[[#This Row],[AGE]]<18,0,AppData[[#This Row],[AGE]]<=25,60,AppData[[#This Row],[AGE]]<=35,100,AppData[[#This Row],[AGE]]<=45,90,AppData[[#This Row],[AGE]]<=55,75,AppData[[#This Row],[AGE]]<=60,50,AppData[[#This Row],[AGE]]>60,20)} -> 100 | D3: =IF('Applicant Data'!D3<10000,10,IF('Applicant Data'!D3<20000,30,IF('Applicant Data'!D3<35000,55, IF('Applicant Data'!D3<50000,75,IF('Applicant Data'!D3<75000,88,IF('Applicant Data'!D3<=100000,95,100)))))) -> 55 | E3: =IF('Applicant Data'!E3<300,0,IF('Applicant Data'!E3<500,15,IF('Applicant Data'!E3<600,35, IF('Applicant Data'!E3<700,60,IF('Applicant Data'!E3<750,80,IF('Applicant Data'!E3<800,92,100)))))) -> 60 | F3: =IF('Applicant Data'!F3=0,100,IF('Applicant Data'!F3=1,80,IF('Applicant Data'!F3=2,55, IF('Applicant Data'!F3=3,30,IF('Applicant Data'!F3=4,15,0))))) -> 100 | G3: =IF('Applicant Data'!G3="Government",100,IF('Applicant Data'!G3="Salaried",85, IF('Applicant Data'!G3="Self-Employed",65,IF('Applicant Data'!G3="Unemployed",10,50)))) -> 100 | H3: =IF('Applicant Data'!H3/('Applicant Data'!D3*12)<=2,100, IF('Applicant Data'!H3/('Applicant Data'!D3*12)<=4,80, IF('Applicant Data'!H3/('Applicant Data'!D3*12)<=6,60, IF('Applicant Data'!H3/('Applicant Data'!D3*12)<=8,35,10)))) -> 100 | I3: =(C3*0.15) + (D3*0.25) + (E3*0.3) + (F3*0.15) + (G3*0.1) + (H3*0.05) -> 76.75 | J3: =IF(I3>=71,"APPROVED",IF(I3>=56,"CONDITIONAL","REJECTED")) -> APPROVED | K3: =IF(I3>=86,"Very Low Risk",IF(I3>=71,"Low Risk",IF(I3>=56,"Medium Risk", IF(I3>=41,"High Risk","Very High Risk")))) -> Low Risk
A4: =AppData[[#This Row],[ID]] -> A003 | B4: =AppData[[#This Row],[NAME]] -> Suresh Patel | C4: {=_xlfn.IFS(AppData[[#This Row],[AGE]]<18,0,AppData[[#This Row],[AGE]]<=25,60,AppData[[#This Row],[AGE]]<=35,100,AppData[[#This Row],[AGE]]<=45,90,AppData[[#This Row],[AGE]]<=55,75,AppData[[#This Row],[AGE]]<=60,50,AppData[[#This Row],[AGE]]>60,20)} -> 75 | D4: =IF('Applicant Data'!D4<10000,10,IF('Applicant Data'!D4<20000,30,IF('Applicant Data'!D4<35000,55, IF('Applicant Data'!D4<50000,75,IF('Applicant Data'!D4<75000,88,IF('Applicant Data'!D4<=100000,95,100)))))) -> 30 | E4: =IF('Applicant Data'!E4<300,0,IF('Applicant Data'!E4<500,15,IF('Applicant Data'!E4<600,35, IF('Applicant Data'!E4<700,60,IF('Applicant Data'!E4<750,80,IF('Applicant Data'!E4<800,92,100)))))) -> 35 | F4: =IF('Applicant Data'!F4=0,100,IF('Applicant Data'!F4=1,80,IF('Applicant Data'!F4=2,55, IF('Applicant Data'!F4=3,30,IF('Applicant Data'!F4=4,15,0))))) -> 30 | G4: =IF('Applicant Data'!G4="Government",100,IF('Applicant Data'!G4="Salaried",85, IF('Applicant Data'!G4="Self-Employed",65,IF('Applicant Data'!G4="Unemployed",10,50)))) -> 65 | H4: =IF('Applicant Data'!H4/('Applicant Data'!D4*12)<=2,100, IF('Applicant Data'!H4/('Applicant Data'!D4*12)<=4,80, IF('Applicant Data'!H4/('Applicant Data'!D4*12)<=6,60, IF('Applicant Data'!H4/('Applicant Data'!D4*12)<=8,35,10)))) -> 80 | I4: =(C4*0.15) + (D4*0.25) + (E4*0.3) + (F4*0.15) + (G4*0.1) + (H4*0.05) -> 44.25 | J4: =IF(I4>=71,"APPROVED",IF(I4>=56,"CONDITIONAL","REJECTED")) -> REJECTED | K4: =IF(I4>=86,"Very Low Risk",IF(I4>=71,"Low Risk",IF(I4>=56,"Medium Risk", IF(I4>=41,"High Risk","Very High Risk")))) -> High Risk
A5: =AppData[[#This Row],[ID]] -> A004 | B5: =AppData[[#This Row],[NAME]] -> Anita Singh | C5: {=_xlfn.IFS(AppData[[#This Row],[AGE]]<18,0,AppData[[#This Row],[AGE]]<=25,60,AppData[[#This Row],[AGE]]<=35,100,AppData[[#This Row],[AGE]]<=45,90,AppData[[#This Row],[AGE]]<=55,75,AppData[[#This Row],[AGE]]<=60,50,AppData[[#This Row],[AGE]]>60,20)} -> 60 | D5: =IF('Applicant Data'!D5<10000,10,IF('Applicant Data'!D5<20000,30,IF('Applicant Data'!D5<35000,55, IF('Applicant Data'!D5<50000,75,IF('Applicant Data'!D5<75000,88,IF('Applicant Data'!D5<=100000,95,100)))))) -> 30 | E5: =IF('Applicant Data'!E5<300,0,IF('Applicant Data'!E5<500,15,IF('Applicant Data'!E5<600,35, IF('Applicant Data'!E5<700,60,IF('Applicant Data'!E5<750,80,IF('Applicant Data'!E5<800,92,100)))))) -> 15 | F5: =IF('Applicant Data'!F5=0,100,IF('Applicant Data'!F5=1,80,IF('Applicant Data'!F5=2,55, IF('Applicant Data'!F5=3,30,IF('Applicant Data'!F5=4,15,0))))) -> 55 | G5: =IF('Applicant Data'!G5="Government",100,IF('Applicant Data'!G5="Salaried",85, IF('Applicant Data'!G5="Self-Employed",65,IF('Applicant Data'!G5="Unemployed",10,50)))) -> 10 | H5: =IF('Applicant Data'!H5/('Applicant Data'!D5*12)<=2,100, IF('Applicant Data'!H5/('Applicant Data'!D5*12)<=4,80, IF('Applicant Data'!H5/('Applicant Data'!D5*12)<=6,60, IF('Applicant Data'!H5/('Applicant Data'!D5*12)<=8,35,10)))) -> 100 | I5: =(C5*0.15) + (D5*0.25) + (E5*0.3) + (F5*0.15) + (G5*0.1) + (H5*0.05) -> 35.25 | J5: =IF(I5>=71,"APPROVED",IF(I5>=56,"CONDITIONAL","REJECTED")) -> REJECTED | K5: =IF(I5>=86,"Very Low Risk",IF(I5>=71,"Low Risk",IF(I5>=56,"Medium Risk", IF(I5>=41,"High Risk","Very High Risk")))) -> Very High Risk
A6: =AppData[[#This Row],[ID]] -> A005 | B6: =AppData[[#This Row],[NAME]] -> Vikram Rao | C6: {=_xlfn.IFS(AppData[[#This Row],[AGE]]<18,0,AppData[[#This Row],[AGE]]<=25,60,AppData[[#This Row],[AGE]]<=35,100,AppData[[#This Row],[AGE]]<=45,90,AppData[[#This Row],[AGE]]<=55,75,AppData[[#This Row],[AGE]]<=60,50,AppData[[#This Row],[AGE]]>60,20)} -> 90 | D6: =IF('Applicant Data'!D6<10000,10,IF('Applicant Data'!D6<20000,30,IF('Applicant Data'!D6<35000,55, IF('Applicant Data'!D6<50000,75,IF('Applicant Data'!D6<75000,88,IF('Applicant Data'!D6<=100000,95,100)))))) -> 95 | E6: =IF('Applicant Data'!E6<300,0,IF('Applicant Data'!E6<500,15,IF('Applicant Data'!E6<600,35, IF('Applicant Data'!E6<700,60,IF('Applicant Data'!E6<750,80,IF('Applicant Data'!E6<800,92,100)))))) -> 100 | F6: =IF('Applicant Data'!F6=0,100,IF('Applicant Data'!F6=1,80,IF('Applicant Data'!F6=2,55, IF('Applicant Data'!F6=3,30,IF('Applicant Data'!F6=4,15,0))))) -> 100 | G6: =IF('Applicant Data'!G6="Government",100,IF('Applicant Data'!G6="Salaried",85, IF('Applicant Data'!G6="Self-Employed",65,IF('Applicant Data'!G6="Unemployed",10,50)))) -> 85 | H6: =IF('Applicant Data'!H6/('Applicant Data'!D6*12)<=2,100, IF('Applicant Data'!H6/('Applicant Data'!D6*12)<=4,80, IF('Applicant Data'!H6/('Applicant Data'!D6*12)<=6,60, IF('Applicant Data'!H6/('Applicant Data'!D6*12)<=8,35,10)))) -> 100 | I6: =(C6*0.15) + (D6*0.25) + (E6*0.3) + (F6*0.15) + (G6*0.1) + (H6*0.05) -> 95.75 | J6: =IF(I6>=71,"APPROVED",IF(I6>=56,"CONDITIONAL","REJECTED")) -> APPROVED | K6: =IF(I6>=86,"Very Low Risk",IF(I6>=71,"Low Risk",IF(I6>=56,"Medium Risk", IF(I6>=41,"High Risk","Very High Risk")))) -> Very Low Risk
A7: =AppData[[#This Row],[ID]] -> A006 | B7: =AppData[[#This Row],[NAME]] -> Meena Joshi | C7: {=_xlfn.IFS(AppData[[#This Row],[AGE]]<18,0,AppData[[#This Row],[AGE]]<=25,60,AppData[[#This Row],[AGE]]<=35,100,AppData[[#This Row],[AGE]]<=45,90,AppData[[#This Row],[AGE]]<=55,75,AppData[[#This Row],[AGE]]<=60,50,AppData[[#This Row],[AGE]]>60,20)} -> 100 | D7: =IF('Applicant Data'!D7<10000,10,IF('Applicant Data'!D7<20000,30,IF('Applicant Data'!D7<35000,55, IF('Applicant Data'!D7<50000,75,IF('Applicant Data'!D7<75000,88,IF('Applicant Data'!D7<=100000,95,100)))))) -> 75 | E7: =IF('Applicant Data'!E7<300,0,IF('Applicant Data'!E7<500,15,IF('Applicant Data'!E7<600,35, IF('Applicant Data'!E7<700,60,IF('Applicant Data'!E7<750,80,IF('Applicant Data'!E7<800,92,100)))))) -> 80 | F7: =IF('Applicant Data'!F7=0,100,IF('Applicant Data'!F7=1,80,IF('Applicant Data'!F7=2,55, IF('Applicant Data'!F7=3,30,IF('Applicant Data'!F7=4,15,0))))) -> 80 | G7: =IF('Applicant Data'!G7="Government",100,IF('Applicant Data'!G7="Salaried",85, IF('Applicant Data'!G7="Self-Employed",65,IF('Applicant Data'!G7="Unemployed",10,50)))) -> 100 | H7: =IF('Applicant Data'!H7/('Applicant Data'!D7*12)<=2,100, IF('Applicant Data'!H7/('Applicant Data'!D7*12)<=4,80, IF('Applicant Data'!H7/('Applicant Data'!D7*12)<=6,60, IF('Applicant Data'!H7/('Applicant Data'!D7*12)<=8,35,10)))) -> 100 | I7: =(C7*0.15) + (D7*0.25) + (E7*0.3) + (F7*0.15) + (G7*0.1) + (H7*0.05) -> 84.75 | J7: =IF(I7>=71,"APPROVED",IF(I7>=56,"CONDITIONAL","REJECTED")) -> APPROVED | K7: =IF(I7>=86,"Very Low Risk",IF(I7>=71,"Low Risk",IF(I7>=56,"Medium Risk", IF(I7>=41,"High Risk","Very High Risk")))) -> Low Risk
A8: =AppData[[#This Row],[ID]] -> A007 | B8: =AppData[[#This Row],[NAME]] -> Rajesh Nair | C8: {=_xlfn.IFS(AppData[[#This Row],[AGE]]<18,0,AppData[[#This Row],[AGE]]<=25,60,AppData[[#This Row],[AGE]]<=35,100,AppData[[#This Row],[AGE]]<=45,90,AppData[[#This Row],[AGE]]<=55,75,AppData[[#This Row],[AGE]]<=60,50,AppData[[#This Row],[AGE]]>60,20)} -> 75 | D8: =IF('Applicant Data'!D8<10000,10,IF('Applicant Data'!D8<20000,30,IF('Applicant Data'!D8<35000,55, IF('Applicant Data'!D8<50000,75,IF('Applicant Data'!D8<75000,88,IF('Applicant Data'!D8<=100000,95,100)))))) -> 55 | E8: =IF('Applicant Data'!E8<300,0,IF('Applicant Data'!E8<500,15,IF('Applicant Data'!E8<600,35, IF('Applicant Data'!E8<700,60,IF('Applicant Data'!E8<750,80,IF('Applicant Data'!E8<800,92,100)))))) -> 60 | F8: =IF('Applicant Data'!F8=0,100,IF('Applicant Data'!F8=1,80,IF('Applicant Data'!F8=2,55, IF('Applicant Data'!F8=3,30,IF('Applicant Data'!F8=4,15,0))))) -> 15 | G8: =IF('Applicant Data'!G8="Government",100,IF('Applicant Data'!G8="Salaried",85, IF('Applicant Data'!G8="Self-Employed",65,IF('Applicant Data'!G8="Unemployed",10,50)))) -> 65 | H8: =IF('Applicant Data'!H8/('Applicant Data'!D8*12)<=2,100, IF('Applicant Data'!H8/('Applicant Data'!D8*12)<=4,80, IF('Applicant Data'!H8/('Applicant Data'!D8*12)<=6,60, IF('Applicant Data'!H8/('Applicant Data'!D8*12)<=8,35,10)))) -> 100 | I8: =(C8*0.15) + (D8*0.25) + (E8*0.3) + (F8*0.15) + (G8*0.1) + (H8*0.05) -> 56.75 | J8: =IF(I8>=71,"APPROVED",IF(I8>=56,"CONDITIONAL","REJECTED")) -> CONDITIONAL | K8: =IF(I8>=86,"Very Low Risk",IF(I8>=71,"Low Risk",IF(I8>=56,"Medium Risk", IF(I8>=41,"High Risk","Very High Risk")))) -> Medium Risk
A9: =AppData[[#This Row],[ID]] -> A008 | B9: =AppData[[#This Row],[NAME]] -> Sunita Verma | C9: {=_xlfn.IFS(AppData[[#This Row],[AGE]]<18,0,AppData[[#This Row],[AGE]]<=25,60,AppData[[#This Row],[AGE]]<=35,100,AppData[[#This Row],[AGE]]<=45,90,AppData[[#This Row],[AGE]]<=55,75,AppData[[#This Row],[AGE]]<=60,50,AppData[[#This Row],[AGE]]>60,20)} -> 100 | D9: =IF('Applicant Data'!D9<10000,10,IF('Applicant Data'!D9<20000,30,IF('Applicant Data'!D9<35000,55, IF('Applicant Data'!D9<50000,75,IF('Applicant Data'!D9<75000,88,IF('Applicant Data'!D9<=100000,95,100)))))) -> 88 | E9: =IF('Applicant Data'!E9<300,0,IF('Applicant Data'!E9<500,15,IF('Applicant Data'!E9<600,35, IF('Applicant Data'!E9<700,60,IF('Applicant Data'!E9<750,80,IF('Applicant Data'!E9<800,92,100)))))) -> 92 | F9: =IF('Applicant Data'!F9=0,100,IF('Applicant Data'!F9=1,80,IF('Applicant Data'!F9=2,55, IF('Applicant Data'!F9=3,30,IF('Applicant Data'!F9=4,15,0))))) -> 100 | G9: =IF('Applicant Data'!G9="Government",100,IF('Applicant Data'!G9="Salaried",85, IF('Applicant Data'!G9="Self-Employed",65,IF('Applicant Data'!G9="Unemployed",10,50)))) -> 85 | H9: =IF('Applicant Data'!H9/('Applicant Data'!D9*12)<=2,100, IF('Applicant Data'!H9/('Applicant Data'!D9*12)<=4,80, IF('Applicant Data'!H9/('Applicant Data'!D9*12)<=6,60, IF('Applicant Data'!H9/('Applicant Data'!D9*12)<=8,35,10)))) -> 100 | I9: =(C9*0.15) + (D9*0.25) + (E9*0.3) + (F9*0.15) + (G9*0.1) + (H9*0.05) -> 93.1 | J9: =IF(I9>=71,"APPROVED",IF(I9>=56,"CONDITIONAL","REJECTED")) -> APPROVED | K9: =IF(I9>=86,"Very Low Risk",IF(I9>=71,"Low Risk",IF(I9>=56,"Medium Risk", IF(I9>=41,"High Risk","Very High Risk")))) -> Very Low Risk
A10: =AppData[[#This Row],[ID]] -> A009 | B10: =AppData[[#This Row],[NAME]] -> Arun Gupta | C10: {=_xlfn.IFS(AppData[[#This Row],[AGE]]<18,0,AppData[[#This Row],[AGE]]<=25,60,AppData[[#This Row],[AGE]]<=35,100,AppData[[#This Row],[AGE]]<=45,90,AppData[[#This Row],[AGE]]<=55,75,AppData[[#This Row],[AGE]]<=60,50,AppData[[#This Row],[AGE]]>60,20)} -> 60 | D10: =IF('Applicant Data'!D10<10000,10,IF('Applicant Data'!D10<20000,30,IF('Applicant Data'!D10<35000,55, IF('Applicant Data'!D10<50000,75,IF('Applicant Data'!D10<75000,88,IF('Applicant Data'!D10<=100000,95,100)))))) -> 10 | E10: =IF('Applicant Data'!E10<300,0,IF('Applicant Data'!E10<500,15,IF('Applicant Data'!E10<600,35, IF('Applicant Data'!E10<700,60,IF('Applicant Data'!E10<750,80,IF('Applicant Data'!E10<800,92,100)))))) -> 15 | F10: =IF('Applicant Data'!F10=0,100,IF('Applicant Data'!F10=1,80,IF('Applicant Data'!F10=2,55, IF('Applicant Data'!F10=3,30,IF('Applicant Data'!F10=4,15,0))))) -> 100 | G10: =IF('Applicant Data'!G10="Government",100,IF('Applicant Data'!G10="Salaried",85, IF('Applicant Data'!G10="Self-Employed",65,IF('Applicant Data'!G10="Unemployed",10,50)))) -> 10 | H10: =IF('Applicant Data'!H10/('Applicant Data'!D10*12)<=2,100, IF('Applicant Data'!H10/('Applicant Data'!D10*12)<=4,80, IF('Applicant Data'!H10/('Applicant Data'!D10*12)<=6,60, IF('Applicant Data'!H10/('Applicant Data'!D10*12)<=8,35,10)))) -> 100 | I10: =(C10*0.15) + (D10*0.25) + (E10*0.3) + (F10*0.15) + (G10*0.1) + (H10*0.05) -> 37 | J10: =IF(I10>=71,"APPROVED",IF(I10>=56,"CONDITIONAL","REJECTED")) -> REJECTED | K10: =IF(I10>=86,"Very Low Risk",IF(I10>=71,"Low Risk",IF(I10>=56,"Medium Risk", IF(I10>=41,"High Risk","Very High Risk")))) -> Very High Risk
A11: =AppData[[#This Row],[ID]] -> A010 | B11: =AppData[[#This Row],[NAME]] -> Kavya Reddy | C11: {=_xlfn.IFS(AppData[[#This Row],[AGE]]<18,0,AppData[[#This Row],[AGE]]<=25,60,AppData[[#This Row],[AGE]]<=35,100,AppData[[#This Row],[AGE]]<=45,90,AppData[[#This Row],[AGE]]<=55,75,AppData[[#This Row],[AGE]]<=60,50,AppData[[#This Row],[AGE]]>60,20)} -> 90 | D11: =IF('Applicant Data'!D11<10000,10,IF('Applicant Data'!D11<20000,30,IF('Applicant Data'!D11<35000,55, IF('Applicant Data'!D11<50000,75,IF('Applicant Data'!D11<75000,88,IF('Applicant Data'!D11<=100000,95,100)))))) -> 100 | E11: =IF('Applicant Data'!E11<300,0,IF('Applicant Data'!E11<500,15,IF('Applicant Data'!E11<600,35, IF('Applicant Data'!E11<700,60,IF('Applicant Data'!E11<750,80,IF('Applicant Data'!E11<800,92,100)))))) -> 100 | F11: =IF('Applicant Data'!F11=0,100,IF('Applicant Data'!F11=1,80,IF('Applicant Data'!F11=2,55, IF('Applicant Data'!F11=3,30,IF('Applicant Data'!F11=4,15,0))))) -> 55 | G11: =IF('Applicant Data'!G11="Government",100,IF('Applicant Data'!G11="Salaried",85, IF('Applicant Data'!G11="Self-Employed",65,IF('Applicant Data'!G11="Unemployed",10,50)))) -> 85 | H11: =IF('Applicant Data'!H11/('Applicant Data'!D11*12)<=2,100, IF('Applicant Data'!H11/('Applicant Data'!D11*12)<=4,80, IF('Applicant Data'!H11/('Applicant Data'!D11*12)<=6,60, IF('Applicant Data'!H11/('Applicant Data'!D11*12)<=8,35,10)))) -> 100 | I11: =(C11*0.15) + (D11*0.25) + (E11*0.3) + (F11*0.15) + (G11*0.1) + (H11*0.05) -> 90.25 | J11: =IF(I11>=71,"APPROVED",IF(I11>=56,"CONDITIONAL","REJECTED")) -> APPROVED | K11: =IF(I11>=86,"Very Low Risk",IF(I11>=71,"Low Risk",IF(I11>=56,"Medium Risk", IF(I11>=41,"High Risk","Very High Risk")))) -> Very Low Risk

Sheet Dashboard
A1: LOAN APPROVAL AI — DASHBOARD
A2: METRIC | B2: VALUE | C2: FORMULA USED
A3: Total Applications | B3: =COUNTA('Scoring Engine'!A2:A11) -> 10 | C3: COUNTA
A4: Total APPROVED | B4: =COUNTIF('Scoring Engine'!J2:J11,"APPROVED") -> 6 | C4: COUNTIF
A5: Total REJECTED | B5: =COUNTIF('Scoring Engine'!J2:J11,"REJECTED") -> 3 | C5: COUNTIF
A6: Total CONDITIONAL | B6: =COUNTIF('Scoring Engine'!J2:J11,"cONDITIONAL") -> 1 | C6: COUNTIF
A7: Approval Rate % | B7: =Dashboard!B4/Dashboard!B3*100 -> 60 | C7: COUNTIF/COUNTA
A8: Average Score | B8: =AVERAGE('Scoring Engine'!I2:I11) -> 70.395 | C8: AVERAGE
A9: Highest Score | B9: =MAX('Scoring Engine'!I2:I11) -> 95.75 | C9: MAX
A10: Lowest Score | B10: =MIN('Scoring Engine'!I2:I11) -> 35.25 | C10: MIN
A11: Best Applicant | B11: =INDEX('Scoring Engine'!B2:B11,MATCH(MAX('Scoring Engine'!I2:I11),'Scoring Engine'!I2:I11,0)) -> Vikram Rao | C11: INDEX-MATCH
A12: Riskiest Applicant | B12: =INDEX('Scoring Engine'!B2:B11,MATCH(MIN('Scoring Engine'!I2:I11),'Scoring Engine'!I2:I11,0)) -> Anita Singh | C12: INDEX-MATCH
A13: Very Low Risk Count | B13: =COUNTIF('Scoring Engine'!K2:K11,"Very Low Risk") -> 4 | C13: COUNTIF
A14: Very High Risk Count | B14: =COUNTIF('Scoring Engine'!K2:K11,"Very High Risk") -> 2 | C14: COUNTIF
